date,cases_sevendayaveraged
2020-03-01,4.714286
2020-03-02,5.285714
2020-03-03,7.285714
2020-03-04,12.857142
2020-03-05,20.714285
2020-03-06,28.428572
2020-03-07,34.285713
2020-03-08,44.42857
2020-03-09,53.57143
2020-03-10,58.57143
2020-03-11,73.85714
2020-03-12,103.42857
2020-03-13,153
2020-03-14,215.14285
2020-03-15,271.57144
2020-03-16,312.14285
2020-03-17,367.2857
2020-03-18,432.14285
2020-03-19,506.14285
2020-03-20,589.1429
2020-03-21,668.5714
2020-03-22,779.2857
2020-03-23,898
2020-03-24,1029.4286
2020-03-25,1270.4286
2020-03-26,1494.7142
2020-03-27,1735
2020-03-28,2020.5714
2020-03-29,2292.2856
2020-03-30,2519.5715
2020-03-31,2727.7144
2020-04-01,3000
2020-04-02,3301.4285
2020-04-03,3619.2856
2020-04-04,3874.2856
2020-04-05,4116.857
2020-04-06,4288.5713
2020-04-07,4394
2020-04-08,4548
2020-04-09,4692.857
2020-04-10,4729.2856
2020-04-11,4736.5713
2020-04-12,4661.4287
2020-04-13,4605.5713
2020-04-14,4598.5713
2020-04-15,4445.7144
2020-04-16,4282.5713
2020-04-17,4271.7144
2020-04-18,4331.2856
2020-04-19,4424.143
2020-04-20,4589.7144
2020-04-21,4643.143
2020-04-22,4677.143
2020-04-23,4743
2020-04-24,4806.857
2020-04-25,4788.857
2020-04-26,4786.5713
2020-04-27,4645.5713
2020-04-28,4587.7144
2020-04-29,4630.2856
2020-04-30,4619.2856
2020-05-01,4607.2856
2020-05-02,4578
2020-05-03,4550.143
2020-05-04,4478.857
2020-05-05,4411.143
2020-05-06,4219.5713
2020-05-07,4072
2020-05-08,3843.2856
2020-05-09,3675.5715
2020-05-10,3432.4285
2020-05-11,3277
2020-05-12,3182
2020-05-13,3212.5715
2020-05-14,3173.1428
2020-05-15,3101.4285
2020-05-16,2936.1428
2020-05-17,2859.8572
2020-05-18,2847.2856
2020-05-19,2775.8572
2020-05-20,2628.5715
2020-05-21,2579
2020-05-22,2491.7144
2020-05-23,2482.7144
2020-05-24,2415.1428
2020-05-25,2336.5715
2020-05-26,2270.2856
2020-05-27,2133.7144
2020-05-28,1991.8572
2020-05-29,1864.1428
2020-05-30,1748.4286
2020-05-31,1673.2858
2020-06-01,1616.1428
2020-06-02,1574.2858
2020-06-03,1547.7142
2020-06-04,1465.1428
2020-06-05,1400
2020-06-06,1327.4286
2020-06-07,1269.1428
2020-06-08,1222.2858
2020-06-09,1171.1428
2020-06-10,1122.5714
2020-06-11,1075.8572
2020-06-12,1051.1428
2020-06-13,1017.4286
2020-06-14,1007.4286
2020-06-15,1019.1429
2020-06-16,1034
2020-06-17,1026.2858
2020-06-18,1017.4286
2020-06-19,991.8571
2020-06-20,993.1429
2020-06-21,984.5714
2020-06-22,955.5714
2020-06-23,928.4286
2020-06-24,907.5714
2020-06-25,876.1429
2020-06-26,841.8571
2020-06-27,799.5714
2020-06-28,752.8571
2020-06-29,748.5714
2020-06-30,721.8571
2020-07-01,696.8571
2020-07-02,659.7143
2020-07-03,641.8571
2020-07-04,624.7143
2020-07-05,610.7143
2020-07-06,574.4286
2020-07-07,590
2020-07-08,588.5714
2020-07-09,586.5714
2020-07-10,595.2857
2020-07-11,611.8571
2020-07-12,611.8571
2020-07-13,620.2857
2020-07-14,592.8571
2020-07-15,596.5714
2020-07-16,610.2857
2020-07-17,619.4286
2020-07-18,618
2020-07-19,620
2020-07-20,626.7143
2020-07-21,638.4286
2020-07-22,651.2857
2020-07-23,663.1429
2020-07-24,668.7143
2020-07-25,682.4286
2020-07-26,709.8571
2020-07-27,713.4286
2020-07-28,729.8571
2020-07-29,735.4286
2020-07-30,745.1429
2020-07-31,780.2857
2020-08-01,800
2020-08-02,789.1429
2020-08-03,793.2857
2020-08-04,793.4286
2020-08-05,820.7143
2020-08-06,850.7143
2020-08-07,854.8571
2020-08-08,877.5714
2020-08-09,916.8571
2020-08-10,938.4286
2020-08-11,947.4286
2020-08-12,1010.1429
2020-08-13,1054.7142
2020-08-14,1076.2858
2020-08-15,1083.5714
2020-08-16,1113.8572
2020-08-17,1114.4286
2020-08-18,1110.8572
2020-08-19,1082.1428
2020-08-20,1044.7142
2020-08-21,1050.4286
2020-08-22,1099.2858
2020-08-23,1104
2020-08-24,1122.2858
2020-08-25,1155
2020-08-26,1155.2858
2020-08-27,1177.2858
2020-08-28,1192.4286
2020-08-29,1205.7142
2020-08-30,1264.8572
2020-08-31,1320.2858
2020-09-01,1368.8572
2020-09-02,1399.2858
2020-09-03,1544.7142
2020-09-04,1786
2020-09-05,2009
2020-09-06,2217.5715
2020-09-07,2406.2856
2020-09-08,2591.1428
2020-09-09,2936.5715
2020-09-10,3091.1428
2020-09-11,3132.2856
2020-09-12,3200.2856
2020-09-13,3233.4285
2020-09-14,3250.4285
2020-09-15,3206
2020-09-16,3134.1428
2020-09-17,3160
2020-09-18,3307.7144
2020-09-19,3457.2856
2020-09-20,3692.8572
2020-09-21,4009.8572
2020-09-22,4465
2020-09-23,4779.143
2020-09-24,5192
2020-09-25,5577.2856
2020-09-26,6006.857
2020-09-27,6341.857
2020-09-28,6616.2856
2020-09-29,6856.7144
2020-09-30,7479
2020-10-01,8039.7144
2020-10-02,8842.714
2020-10-03,9653.429
2020-10-04,10587.143
2020-10-05,11281
2020-10-06,11985.286
2020-10-07,12952.429
2020-10-08,13935.857
2020-10-09,14772.429
2020-10-10,15496.429
2020-10-11,15787.714
2020-10-12,15927.857
2020-10-13,15963.429
2020-10-14,16380.286
2020-10-15,16646.857
2020-10-16,16839.285
2020-10-17,16865.143
2020-10-18,17154
2020-10-19,17473.143
2020-10-20,17774.428
2020-10-21,18660.285
2020-10-22,19588.428
2020-10-23,20416.143
2020-10-24,21111.715
2020-10-25,21651.572
2020-10-26,21873.285
2020-10-27,22099.572
2020-10-28,22233.143
2020-10-29,22052.857
2020-10-30,21793.857
2020-10-31,21813.715
2020-11-01,21984.572
2020-11-02,22018.715
2020-11-03,22029.428
2020-11-04,22760.572
2020-11-05,22988
2020-11-06,23006
2020-11-07,23070.143
2020-11-08,23180
2020-11-09,23479
2020-11-10,24089.572
2020-11-11,24030.285
2020-11-12,24294
2020-11-13,24826.857
2020-11-14,24935.857
2020-11-15,25040
2020-11-16,24962.428
2020-11-17,24389.428
2020-11-18,23738.285
2020-11-19,23123.857
2020-11-20,22169.428
2020-11-21,21200.143
2020-11-22,20159
2020-11-23,19346.143
2020-11-24,18726.428
2020-11-25,17593.857
2020-11-26,16621.143
2020-11-27,16012.286
2020-11-28,15543.714
2020-11-29,15180
2020-11-30,14973.286
2020-12-01,14824.286
2020-12-02,14706.286
2020-12-03,14707
2020-12-04,14687.286
2020-12-05,14844.286
2020-12-06,15027.143
2020-12-07,15285.286
2020-12-08,15696.571
2020-12-09,16180.286
2020-12-10,16806.143
2020-12-11,17553.715
2020-12-12,18561.715
2020-12-13,19784
2020-12-14,20740.428
2020-12-15,21959.715
2020-12-16,23904.428
2020-12-17,25806.285
2020-12-18,27737.428
2020-12-19,29383.285
2020-12-20,31101.715
2020-12-21,31959
2020-12-22,33501.855
2020-12-23,35358.285
2020-12-24,37086.43
2020-12-25,38159.145
2020-12-26,37867
2020-12-27,34724.145
2020-12-28,36941.43
2020-12-29,39149.145
2020-12-30,38894.285
2020-12-31,44125
2021-01-01,48300
2021-01-02,51379.285
2021-01-03,53959.715
2021-01-04,56894.57
2021-01-05,58011
2021-01-06,62520.145
2021-01-07,60169.855
2021-01-08,58258.855
2021-01-09,58150.285
2021-01-10,60382.145
2021-01-11,57293.715
2021-01-12,54556.43
2021-01-13,51787.855
2021-01-14,49503.43
2021-01-15,47749.855
2021-01-16,46362
2021-01-17,45411.57
2021-01-18,44156.57
2021-01-19,43073.43
2021-01-20,41268.43
2021-01-21,39822.43
2021-01-22,38319.145
2021-01-23,36752
2021-01-24,35163.145
2021-01-25,33890.855
2021-01-26,32171.143
2021-01-27,29996.857
2021-01-28,28169
2021-01-29,26785.715
2021-01-30,25681.572
2021-01-31,24553.572
2021-02-01,23814
2021-02-02,23561
2021-02-03,22451.715
2021-02-04,21385.285
2021-02-05,20472.572
2021-02-06,19575.428
2021-02-07,18700.143
2021-02-08,18007.715
2021-02-09,17419.285
2021-02-10,16451
2021-02-11,15588.143
2021-02-12,14728.857
2021-02-13,13964
2021-02-14,13430.571
2021-02-15,12961.286
2021-02-16,12580
2021-02-17,12371.571
2021-02-18,12187.857
2021-02-19,11908.286
2021-02-20,11716
2021-02-21,11452.429
2021-02-22,11349.286
2021-02-23,11221.143
2021-02-24,10781.429
2021-02-25,10327.714
2021-02-26,9885.571
2021-02-27,9347.143
2021-02-28,8783.429
2021-03-01,8302.857
2021-03-02,7842.143
2021-03-03,7204.2856
2021-03-04,6797.857
2021-03-05,6415.7144
2021-03-06,6117.5713
2021-03-07,5929.7144
2021-03-08,5883.857
2021-03-09,5817.7144
2021-03-10,5774.5713
2021-03-11,5713.143
2021-03-12,5724.2856
2021-03-13,5723.7144
2021-03-14,5759.4287
2021-03-15,5724.143
2021-03-16,5726.2856
2021-03-17,5699.5713
2021-03-18,5610.2856
2021-03-19,5571.4287
2021-03-20,5528.4287
2021-03-21,5451.7144
2021-03-22,5432.5713
2021-03-23,5570.4287
2021-03-24,5535.5713
2021-03-25,5481.4287
2021-03-26,5516.5713
2021-03-27,5514.2856
2021-03-28,5426.7144
2021-03-29,5353
2021-03-30,5301.5713
2021-03-31,4978.2856
2021-04-01,4734.7144
2021-04-02,4412.143
2021-04-03,4134.7144
2021-04-04,3874.7144
2021-04-05,3700
2021-04-06,3326
2021-04-07,3118.5715
2021-04-08,3052
2021-04-09,2950.1428
2021-04-10,2874.8572
2021-04-11,2904.2856
2021-04-12,2886
2021-04-13,2880.8572
2021-04-14,2900.4285
2021-04-15,2783.5715
2021-04-16,2677.7144
2021-04-17,2563.1428
2021-04-18,2476.5715
2021-04-19,2382.5715
2021-04-20,2412.2856
2021-04-21,2391.8572
2021-04-22,2398.4285
2021-04-23,2426.4285
2021-04-24,2435.5715
2021-04-25,2388.8572
2021-04-26,2366.2856
2021-04-27,2299.8572
2021-04-28,2283.8572
2021-04-29,2232
2021-04-30,2202.1428
2021-05-01,2176.5715
2021-05-02,2148.7144
2021-05-03,2130
2021-05-04,2044.5714
2021-05-05,1967.1428
2021-05-06,2020.7142
2021-05-07,2030.7142
2021-05-08,2044.4286
2021-05-09,2066.8572
2021-05-10,2092
2021-05-11,2204.2856
2021-05-12,2307.8572
2021-05-13,2275.8572
2021-05-14,2242.4285
2021-05-15,2221.8572
2021-05-16,2215.5715
2021-05-17,2218.2856
2021-05-18,2163.4285
2021-05-19,2170.4285
2021-05-20,2239.4285
2021-05-21,2307.7144
2021-05-22,2355.5715
2021-05-23,2416.8572
2021-05-24,2470
2021-05-25,2527.5715
2021-05-26,2600.5715
2021-05-27,2688.4285
2021-05-28,2846.8572
2021-05-29,3022.5715
2021-05-30,3197.1428
2021-05-31,3340
2021-06-01,3459.7144
2021-06-02,3535.1428
2021-06-03,3821.4285
2021-06-04,4142.2856
2021-06-05,4501
2021-06-06,4825.5713
2021-06-07,5072.857
2021-06-08,5411.4287
2021-06-09,5989.857
2021-06-10,6342
2021-06-11,6633.7144
2021-06-12,6888.7144
2021-06-13,7139.857
2021-06-14,7361.7144
2021-06-15,7590.4287
2021-06-16,7935.5713
2021-06-17,8350.429
2021-06-18,8756.429
2021-06-19,9194
2021-06-20,9579.857
2021-06-21,9888.857
2021-06-22,10310.571
2021-06-23,11160
2021-06-24,12103.143
2021-06-25,13145.857
2021-06-26,14232.714
2021-06-27,15354
2021-06-28,16476
2021-06-29,17678.143
2021-06-30,19408.143
2021-07-01,20950.572
2021-07-02,22460.857
2021-07-03,23900.857
2021-07-04,25068
2021-07-05,26169.285
2021-07-06,27121.857
2021-07-07,28050.572
2021-07-08,29173.572
2021-07-09,30555.572
2021-07-10,31302.143
2021-07-11,32225.715
2021-07-12,32849.855
2021-07-13,33611.715
2021-07-14,34982
2021-07-15,36645.855
2021-07-16,38976.285
2021-07-17,42973.43
2021-07-18,46182
2021-07-19,47624.43
2021-07-20,48435.715
2021-07-21,48923.285
2021-07-22,47804.57
2021-07-23,45038.57
2021-07-24,40649.715
2021-07-25,36728.715
2021-07-26,34496.715
2021-07-27,32497.428
2021-07-28,29934.143
2021-07-29,28463.572
2021-07-30,27704.857
2021-07-31,27298.285
2021-08-01,26860
2021-08-02,26534
2021-08-03,26362.285
2021-08-04,26342.143
2021-08-05,26469.428
2021-08-06,26769.572
2021-08-07,27230.715
2021-08-08,27700.143
2021-08-09,27981.572
2021-08-10,28253.285
2021-08-11,28585
2021-08-12,28734.285
2021-08-13,28878.857
2021-08-14,28888.285
2021-08-15,29022.428
2021-08-16,29382
2021-08-17,29730.572
2021-08-18,30408.428
2021-08-19,31323
2021-08-20,32092.857
2021-08-21,32775
2021-08-22,33240.285
2021-08-23,33737.285
2021-08-24,34225.285
2021-08-25,34626.43
2021-08-26,34592.43
2021-08-27,34597.855
2021-08-28,34756.715
2021-08-29,34973
2021-08-30,34839.43
2021-08-31,34467
2021-09-01,33761.145
2021-09-02,34836.855
2021-09-03,35516.145
2021-09-04,36189.715
2021-09-05,36888
2021-09-06,37489.285
2021-09-07,38298.855
2021-09-08,39749.57
2021-09-09,38807.715
2021-09-10,37710.145
2021-09-11,36516.715
2021-09-12,35167.285
2021-09-13,33984.855
2021-09-14,32878.715
2021-09-15,31411.428
2021-09-16,30385.143
2021-09-17,29608.715
2021-09-18,28999.572
2021-09-19,29041.285
2021-09-20,29485.857
2021-09-21,30489.285
2021-09-22,31362.143
2021-09-23,32421.143
2021-09-24,33327.145
2021-09-25,34204.43
2021-09-26,34580
2021-09-27,34854.57
2021-09-28,34997.285
2021-09-29,35114.57
2021-09-30,34786
2021-10-01,34511.855
2021-10-02,34048
2021-10-03,33612.285
2021-10-04,33290.715
2021-10-05,33287.285
2021-10-06,33593.57
2021-10-07,33983.715
2021-10-08,34616.145
2021-10-09,35453.43
2021-10-10,36389.715
2021-10-11,37245.43
2021-10-12,37868.145
2021-10-13,38806.855
2021-10-14,40098.57
2021-10-15,41314.43
2021-10-16,42450.715
2021-10-17,43586.145
2021-10-18,44382.145
2021-10-19,45429.855
2021-10-20,46492.57
2021-10-21,47093.715
2021-10-22,47648.855
2021-10-23,47473.855
2021-10-24,47060.145
2021-10-25,46663.715
2021-10-26,45522.57
2021-10-27,44054.43
2021-10-28,42568
2021-10-29,41337.145
2021-10-30,40793.715
2021-10-31,40734.715
2021-11-01,40515.57
2021-11-02,40379.855
2021-11-03,40043.145
2021-11-04,39456.715
2021-11-05,38448.285
2021-11-06,37344.285
2021-11-07,35925.285
2021-11-08,35049.145
2021-11-09,34445.145
2021-11-10,34304.715
2021-11-11,34908.57
2021-11-12,35902.285
2021-11-13,36950.43
2021-11-14,38014
2021-11-15,38792.43
2021-11-16,39499
2021-11-17,40473.57
2021-11-18,41071.285
2021-11-19,41493.145
2021-11-20,41930.715
2021-11-21,42194
2021-11-22,42544
2021-11-23,42789.43
2021-11-24,42758.715
2021-11-25,43011.145
2021-11-26,43136.43
2021-11-27,43045.43
2021-11-28,43006
2021-11-29,42715.715
2021-11-30,43066.57
2021-12-01,43860.285
2021-12-02,44931.43
2021-12-03,46081.145
2021-12-04,47066
2021-12-05,47971.285
2021-12-06,48754.285
2021-12-07,48946.43
2021-12-08,49432.855
2021-12-09,49513.285
2021-12-10,50085.715
2021-12-11,51039.43
2021-12-12,52014.43
2021-12-13,53415.855
2021-12-14,55145.43
2021-12-15,59070.43
2021-12-16,65717.57
2021-12-17,73414.14
2021-12-18,80422.71
2021-12-19,86623.43
2021-12-20,92379
2021-12-21,97518.29
2021-12-22,104203.57
2021-12-23,110990
2021-12-24,117969.57
2021-12-25,125766.43
2021-12-26,131676.58
2021-12-27,129030.86
2021-12-28,132910
2021-12-29,141630.72
2021-12-30,150513
2021-12-31,166404.14
2022-01-01,177253.14
2022-01-02,184581.58
2022-01-03,191426.14
2022-01-04,200680.58
2022-01-05,205664.86
2022-01-06,214690.28
2022-01-07,207458.28
2022-01-08,198373.14
2022-01-09,188618.86
2022-01-10,185096
2022-01-11,172913.42
2022-01-12,159064.58
2022-01-13,136150
2022-01-14,119156.43
2022-01-15,108218.14
2022-01-16,103366.43
2022-01-17,101128.57
2022-01-18,101458.14
2022-01-19,101251.71
2022-01-20,101767.71
2022-01-21,102987.86
2022-01-22,103546.71
2022-01-23,104318.86
2022-01-24,104859.29
2022-01-25,105469
2022-01-26,104876.14
2022-01-27,104068.29
2022-01-28,103626.57
2022-01-29,103037.57
2022-01-30,101937
2022-01-31,100762.57
2022-02-01,98667.86
2022-02-02,95480.29
2022-02-03,92729.86
2022-02-04,89837
2022-02-05,87043.14
2022-02-06,84077.14
2022-02-07,81047.57
2022-02-08,77169
2022-02-09,73087.86
2022-02-10,69618.14
2022-02-11,66178.29
2022-02-12,62699.57
2022-02-13,60027.43
2022-02-14,57916.57
2022-02-15,55231.285
2022-02-16,52125.855
2022-02-17,49674.57
2022-02-18,47850.715
2022-02-19,46768.285
2022-02-20,45151.43
2022-02-21,44739.715
2022-02-22,44163.285
2022-02-23,42790
2022-02-24,40888
2022-02-25,38731.43
2022-02-26,36719.285
2022-02-27,35947.285
2022-02-28,34581.855
2022-03-01,33673.285
2022-03-02,33604.285
2022-03-03,34405.285
2022-03-04,35791.43
2022-03-05,37667.145
2022-03-06,39605.855
2022-03-07,41558.715
2022-03-08,44082.43
2022-03-09,47492.57
2022-03-10,51109.285
2022-03-11,55016.715
2022-03-12,58838
2022-03-13,62498.285
2022-03-14,65829.57
2022-03-15,69645.71
2022-03-16,74119.14
2022-03-17,77490
2022-03-18,80092.86
2022-03-19,81856.14
2022-03-20,83035.43
2022-03-21,83798.14
2022-03-22,84557.43
2022-03-23,85907.71
2022-03-24,86677.29
2022-03-25,87025
2022-03-26,87032.43
2022-03-27,86624.57
2022-03-28,85773
2022-03-29,83956.14
2022-03-30,81609.14
2022-03-31,78899.29
2022-04-01,75964.71
2022-04-02,71948.43
2022-04-03,68381.57
2022-04-04,64972.43
2022-04-05,61235.715
2022-04-06,55645.715
2022-04-07,51213.57
2022-04-08,47086
2022-04-09,44788.57
2022-04-10,42720.855
2022-04-11,41334.145
2022-04-12,39730.285
2022-04-13,37393.715
2022-04-14,35203.715
2022-04-15,33337.285
2022-04-16,31613
2022-04-17,29988.572
2022-04-18,28851.428
2022-04-19,27307.428
2022-04-20,25572
2022-04-21,24429.285
2022-04-22,22968.143
2022-04-23,21800.285
2022-04-24,20955.428
2022-04-25,19996.143
2022-04-26,19220.572
2022-04-27,18061.428
2022-04-28,16459.715
2022-04-29,15259.429
2022-04-30,14280
2022-05-01,13467
2022-05-02,12773.286
2022-05-03,11961.714
2022-05-04,11218.571
2022-05-05,11041.143
2022-05-06,10843.571
2022-05-07,10645.429
2022-05-08,10494.286
2022-05-09,10374.714
2022-05-10,10378.714
2022-05-11,10206.571
2022-05-12,9696.571
2022-05-13,9275.571
2022-05-14,8907.143
2022-05-15,8619.714
2022-05-16,8420.143
2022-05-17,8264.571
2022-05-18,8081
2022-05-19,7872.143
2022-05-20,7716.857
2022-05-21,7599.4287
2022-05-22,7439.2856
2022-05-23,7282
2022-05-24,6999.7144
2022-05-25,6699.143
2022-05-26,6469.5713
2022-05-27,6277.4287
2022-05-28,6125
2022-05-29,6066.143
2022-05-30,6061.7144
2022-05-31,6016.4287
2022-06-01,5988.143
2022-06-02,6047.2856
2022-06-03,6149.857
2022-06-04,6215
2022-06-05,6390.143
2022-06-06,6747.857
2022-06-07,7338.5713
2022-06-08,8000.2856
2022-06-09,8617.143
2022-06-10,9299
2022-06-11,10029
2022-06-12,10621.714
2022-06-13,10991
2022-06-14,11402.143
2022-06-15,11905.714
2022-06-16,12438.571
2022-06-17,12874.714
2022-06-18,13289.857
2022-06-19,13737.714
2022-06-20,14244.286
2022-06-21,14859.143
2022-06-22,15526.286
2022-06-23,16348.429
2022-06-24,17210.715
2022-06-25,17977.143
2022-06-26,18610.143
2022-06-27,19064
2022-06-28,19604.143
2022-06-29,20341.572
2022-06-30,20933.715
2022-07-01,21466.285
2022-07-02,22130.572
2022-07-03,22887.715
2022-07-04,23625
2022-07-05,24625.285
2022-07-06,25853.857
2022-07-07,26764.428
2022-07-08,27492.572
2022-07-09,27808.857
2022-07-10,27946.143
2022-07-11,27844
2022-07-12,27460.572
2022-07-13,26906.572
2022-07-14,26268.143
2022-07-15,25433.572
2022-07-16,24668.715
2022-07-17,23775.572
2022-07-18,22885.715
2022-07-19,21762.857
2022-07-20,20176
2022-07-21,18708
2022-07-22,17609.857
2022-07-23,16618.143
2022-07-24,15763.714
2022-07-25,15037.571
2022-07-26,14186
2022-07-27,13411.857
2022-07-28,12705.429
2022-07-29,11901.857
2022-07-30,11212
2022-07-31,10659.143
2022-08-01,10286.429
2022-08-02,9879.429
2022-08-03,9384.571
2022-08-04,9019.571
2022-08-05,8706.571
2022-08-06,8416.143
2022-08-07,8136.143
2022-08-08,7864
2022-08-09,7595.5713
2022-08-10,7343.143
2022-08-11,7077.2856
2022-08-12,6848
2022-08-13,6690.4287
2022-08-14,6517.7144
2022-08-15,6385.5713
2022-08-16,6216.4287
2022-08-17,5981.5713
2022-08-18,5731.5713
2022-08-19,5486.4287
2022-08-20,5253.7144
2022-08-21,5064.143
2022-08-22,4922.2856
2022-08-23,4739.7144
2022-08-24,4568.2856
2022-08-25,4456.7144
2022-08-26,4388.4287
2022-08-27,4278.7144
2022-08-28,4198.5713
2022-08-29,4142.857
2022-08-30,4050.5715
2022-08-31,3970.2856
2022-09-01,4034.2856
2022-09-02,4043.1428
2022-09-03,4122.2856
2022-09-04,4173.2856
2022-09-05,4216.857
2022-09-06,4338.143
2022-09-07,4404.2856
2022-09-08,4311.7144
2022-09-09,4257.2856
2022-09-10,4171.143
2022-09-11,4134.7144
2022-09-12,4113.4287
2022-09-13,4121.857
2022-09-14,4148
2022-09-15,4229.4287
2022-09-16,4334.857
2022-09-17,4461.5713
2022-09-18,4544.5713
2022-09-19,4580.7144
2022-09-20,4579.5713
2022-09-21,4702.143
2022-09-22,5085
2022-09-23,5453.5713
2022-09-24,5765.143
2022-09-25,6101
2022-09-26,6415
2022-09-27,6829.4287
2022-09-28,7179.7144
2022-09-29,7240.5713
2022-09-30,7363.5713
2022-10-01,7517.857
2022-10-02,7679.2856
2022-10-03,7871.5713
2022-10-04,8152.143
2022-10-05,8591.286
2022-10-06,8978.571
2022-10-07,9238.143
2022-10-08,9451.571
2022-10-09,9642.286
2022-10-10,9640.571
2022-10-11,9548.286
2022-10-12,9377.571
2022-10-13,9162.714
2022-10-14,8953.857
2022-10-15,8774.571
2022-10-16,8634.571
2022-10-17,8547.286
2022-10-18,8436.143
2022-10-19,8365.429
2022-10-20,8190.2856
2022-10-21,8023
2022-10-22,7800.4287
2022-10-23,7561.4287
2022-10-24,7350.857
2022-10-25,7028.4287
2022-10-26,6572
2022-10-27,6204.857
2022-10-28,5897.857
2022-10-29,5652
2022-10-30,5381.143
2022-10-31,5183.2856
2022-11-01,5004.4287
2022-11-02,4764.7144
2022-11-03,4605.2856
2022-11-04,4400.2856
2022-11-05,4232.143
2022-11-06,4047.2856
2022-11-07,3916.1428
2022-11-08,3772.7144
2022-11-09,3657.2856
2022-11-10,3554.4285
2022-11-11,3491.8572
2022-11-12,3424.2856
2022-11-13,3393.7144
2022-11-14,3360.5715
2022-11-15,3309.8572
2022-11-16,3253
2022-11-17,3210.8572
2022-11-18,3165.7144
2022-11-19,3141.7144
2022-11-20,3124.5715
2022-11-21,3124.2856
2022-11-22,3121.1428
2022-11-23,3123.2856
2022-11-24,3162
2022-11-25,3212.8572
2022-11-26,3254.5715
2022-11-27,3273
2022-11-28,3290.1428
2022-11-29,3369.8572
2022-11-30,3470
2022-12-01,3553
2022-12-02,3605
2022-12-03,3630.1428
2022-12-04,3729.2856
2022-12-05,3757.4285
2022-12-06,3805.7144
2022-12-07,3903.7144
2022-12-08,4025.8572
2022-12-09,4199.4287
2022-12-10,4346.857
2022-12-11,4435.4287
2022-12-12,4552.857
2022-12-13,4673.5713
2022-12-14,4910.857
2022-12-15,5178
2022-12-16,5369.143
2022-12-17,5591.5713
2022-12-18,5858.4287
2022-12-19,6026
2022-12-20,6189
2022-12-21,6487.143
2022-12-22,6704.2856
2022-12-23,6885.5713
2022-12-24,6997.4287
2022-12-25,6948.4287
2022-12-26,6861.143
2022-12-27,6564.2856
2022-12-28,5975.2856
2022-12-29,5685.857
2022-12-30,5774
2022-12-31,5894.143
2023-01-01,5949.143
2023-01-02,5971.2856
2023-01-03,5966.857
2023-01-04,5982.143
2023-01-05,5932.857
2023-01-06,5528.7144
2023-01-07,5095.143
2023-01-08,4770
2023-01-09,4547.857
2023-01-10,4427.5713
2023-01-11,4220.2856
2023-01-12,3771.4285
2023-01-13,3350.7144
2023-01-14,3036
2023-01-15,2790.4285
2023-01-16,2614.1428
2023-01-17,2475.5715
2023-01-18,2326.7144
2023-01-19,2196.4285
2023-01-20,2121.4285
2023-01-21,2057
2023-01-22,2019.4286
2023-01-23,2022.8572
2023-01-24,2030.7142
2023-01-25,2043.7142
2023-01-26,2124.4285
2023-01-27,2200.2856
2023-01-28,2273.8572
2023-01-29,2357.2856
2023-01-30,2420
2023-01-31,2498.2856
2023-02-01,2627
2023-02-02,2738.4285
2023-02-03,2856.2856
2023-02-04,2953
2023-02-05,3027.1428
2023-02-06,3089.4285
2023-02-07,3141.1428
2023-02-08,3201.5715
2023-02-09,3225.2856
2023-02-10,3252.1428
2023-02-11,3271.4285
2023-02-12,3317.8572
2023-02-13,3343.5715
2023-02-14,3396
2023-02-15,3525.4285
2023-02-16,3665.5715
2023-02-17,3749.4285
2023-02-18,3882.8572
2023-02-19,3993.7144
2023-02-20,4074.8572
2023-02-21,4148.7144
2023-02-22,4152
2023-02-23,4152.4287
2023-02-24,4146.857
2023-02-25,4073.2856
2023-02-26,3977.5715
2023-02-27,3919.2856
2023-02-28,3842.8572
2023-03-01,3819.2856
2023-03-02,3797.4285
2023-03-03,3821.1428
2023-03-04,3845.4285
2023-03-05,3891.1428
2023-03-06,3902.4285
2023-03-07,3949.8572
2023-03-08,3999.8572
2023-03-09,4051.4285
2023-03-10,4102.857
2023-03-11,4160.7144
2023-03-12,4202.5713
2023-03-13,4290.2856
2023-03-14,4425.7144
2023-03-15,4537.857
2023-03-16,4639.4287
2023-03-17,4659
2023-03-18,4738.2856
2023-03-19,4763
2023-03-20,4766.857
2023-03-21,4720
2023-03-22,4636.2856
2023-03-23,4590.2856
2023-03-24,4589.7144
2023-03-25,4523.4287
2023-03-26,4521.2856
2023-03-27,4464.4287
2023-03-28,4378.143
2023-03-29,4252.7144
2023-03-30,4067.5715
2023-03-31,3923.5715
2023-04-01,3783.5715
2023-04-02,3596
2023-04-03,3494.4285
2023-04-04,3352.1428
2023-04-05,3119.4285
2023-04-06,2906.7144
2023-04-07,2726.7144
2023-04-08,2559.4285
2023-04-09,2413.4285
2023-04-10,2323
2023-04-11,2231.1428
2023-04-12,2181.8572
2023-04-13,2200
2023-04-14,2163.1428
2023-04-15,2141.8572
2023-04-16,2131
2023-04-17,2091.4285
2023-04-18,2107.8572
2023-04-19,2092.7144
2023-04-20,2002.8572
2023-04-21,1937.1428
2023-04-22,1869.1428
2023-04-23,1831.8572
2023-04-24,1814.2858
2023-04-25,1756.5714
2023-04-26,1695.4286
2023-04-27,1664.7142
2023-04-28,1644
2023-04-29,1642.8572
2023-04-30,1641.7142
2023-05-01,1646.5714
2023-05-02,1619.1428
2023-05-03,1602.2858
2023-05-04,1626.1428
2023-05-05,1616.7142
2023-05-06,1612
2023-05-07,1586.1428
2023-05-08,1539.2858
2023-05-09,1511.7142
2023-05-10,1462.1428
2023-05-11,1406.1428
2023-05-12,1368.2858
2023-05-13,1322.5714
2023-05-14,1282.5714
2023-05-15,1261.1428
2023-05-16,1248
2023-05-17,1220.1428
2023-05-18,1161.5714
2023-05-19,1119
2023-05-20,1083.4286
2023-05-21,1070.4286
2023-05-22,1057.7142
2023-05-23,1037.1428
2023-05-24,1029.4286
2023-05-25,1025
2023-05-26,1013
2023-05-27,989.1429
2023-05-28,965.5714
2023-05-29,942.7143
2023-05-30,900.1429
2023-05-31,846.7143
2023-06-01,809
2023-06-02,792.1429
2023-06-03,770.4286
2023-06-04,751.5714
2023-06-05,738.4286
2023-06-06,738.8571
2023-06-07,747.8571
2023-06-08,746.4286
2023-06-09,726.8571
2023-06-10,713.1429
2023-06-11,699.2857
2023-06-12,684.4286
2023-06-13,670.5714
2023-06-14,641.1429
2023-06-15,601.7143
2023-06-16,566.2857
2023-06-17,539.1429
2023-06-18,517.1429
2023-06-19,510.7143
2023-06-20,484.2857
2023-06-21,454.57144
2023-06-22,434
2023-06-23,417.57144
2023-06-24,410.14285
2023-06-25,400.57144
2023-06-26,386.85715
2023-06-27,379.14285
2023-06-28,362
2023-06-29,346.85715
2023-06-30,337
2023-07-01,321.42856
2023-07-02,313.42856
2023-07-03,306.85715
2023-07-04,302.14285
2023-07-05,308.14285
2023-07-06,311.2857
2023-07-07,319.7143
2023-07-08,332
2023-07-09,350.7143
2023-07-10,365.2857
2023-07-11,383.57144
2023-07-12,399.7143
2023-07-13,421.14285
2023-07-14,432.42856
2023-07-15,446.57144
2023-07-16,444.85715
2023-07-17,451.14285
2023-07-18,450.7143
2023-07-19,462.14285
2023-07-20,476
2023-07-21,484.57144
2023-07-22,499.14285
2023-07-23,516.8571
2023-07-24,528.5714
2023-07-25,546.7143
2023-07-26,565.8571
2023-07-27,588.2857
2023-07-28,616
2023-07-29,635.5714
2023-07-30,668.1429
2023-07-31,704.2857
2023-08-01,749.7143
2023-08-02,785.8571
2023-08-03,816.4286
2023-08-04,847
2023-08-05,878
2023-08-06,901.8571
2023-08-07,912.4286
2023-08-08,925.7143
2023-08-09,956.7143
2023-08-10,1003
2023-08-11,1046.2858
2023-08-12,1082.7142
2023-08-13,1111
2023-08-14,1144.2858
2023-08-15,1167.7142
2023-08-16,1189
2023-08-17,1192
2023-08-18,1200.2858
2023-08-19,1211.1428
2023-08-20,1220.8572
2023-08-21,1220.8572
2023-08-22,1226.7142
2023-08-23,1243.7142
2023-08-24,1262.7142
2023-08-25,1270.4286
2023-08-26,1278.4286
2023-08-27,1284
2023-08-28,1284.8572
2023-08-29,1276.7142
2023-08-30,1260
2023-08-31,1289.4286
2023-09-01,1354.7142
2023-09-02,1416.5714
2023-09-03,1495.8572
2023-09-04,1572.4286
2023-09-05,1687.4286
2023-09-06,1825.5714
2023-09-07,1909.2858
2023-09-08,1957.1428
2023-09-09,1987.4286
2023-09-10,1990.4286
2023-09-11,1985.4286
2023-09-12,1964.1428
2023-09-13,1934.7142
2023-09-14,1886
2023-09-15,1822
2023-09-16,1787
2023-09-17,1753.2858
2023-09-18,1739
2023-09-19,1737.1428
2023-09-20,1746.1428
2023-09-21,1789.4286
2023-09-22,1848.7142
2023-09-23,1890
2023-09-24,1937.4286
2023-09-25,1978
2023-09-26,2039.5714
2023-09-27,2128.4285
2023-09-28,2238.1428
2023-09-29,2348.8572
2023-09-30,2425.7144
2023-10-01,2488.8572
2023-10-02,2542.7144
2023-10-03,2596.1428
2023-10-04,2586.5715
2023-10-05,2553
2023-10-06,2497.1428
2023-10-07,2462.2856
2023-10-08,2440.4285
2023-10-09,2383.2856
2023-10-10,2319.2856
2023-10-11,2261.2856
2023-10-12,2168.7144
2023-10-13,2089.8572
2023-10-14,1987.1428
2023-10-15,1894.2858
2023-10-16,1815.5714
2023-10-17,1690.7142
2023-10-18,1572.4286
2023-10-19,1480.8572
2023-10-20,1405.8572
2023-10-21,1373.7142
2023-10-22,1324.4286
2023-10-23,1286.8572
2023-10-24,1253.5714
2023-10-25,1213.7142
2023-10-26,1177.5714
2023-10-27,1122.5714
2023-10-28,1077.4286
2023-10-29,1046.4286
2023-10-30,1863.2858
2023-10-31,1719.8572
2023-11-01,1548
2023-11-02,1377.5714
2023-11-03,1228.7142
2023-11-04,1080.1428
2023-11-05,942.7143
2023-11-06,695.4286
2023-11-07,695.4286
2023-11-08,695.4286
2023-11-09,695.4286
2023-11-10,695.4286
2023-11-11,695.4286
2023-11-12,695.4286
2023-11-13,746
2023-11-14,746
2023-11-15,746
2023-11-16,746
2023-11-17,746
2023-11-18,746
2023-11-19,746
2023-11-20,676.2857
2023-11-21,676.2857
2023-11-22,676.2857
2023-11-23,676.2857
2023-11-24,676.2857
2023-11-25,676.2857
2023-11-26,676.2857
2023-11-27,770.1429
2023-11-28,770.1429
2023-11-29,770.1429
2023-11-30,770.1429
2023-12-01,770.1429
2023-12-02,770.1429
2023-12-03,770.1429
2023-12-04,1078.2858
2023-12-05,1078.2858
2023-12-06,1078.2858
2023-12-07,1078.2858
2023-12-08,1078.2858
2023-12-09,1078.2858
2023-12-10,1078.2858
2023-12-11,1352.1428
2023-12-12,1352.1428
2023-12-13,1352.1428
2023-12-14,1352.1428
2023-12-15,1352.1428
2023-12-16,1352.1428
2023-12-17,1352.1428
2023-12-18,1529.7142
2023-12-19,1529.7142
2023-12-20,1529.7142
2023-12-21,1529.7142
2023-12-22,1529.7142
2023-12-23,1529.7142
2023-12-24,1529.7142
2023-12-25,1450.5714
2023-12-26,1450.5714
2023-12-27,1450.5714
2023-12-28,1450.5714
2023-12-29,1450.5714
2023-12-30,1450.5714
2023-12-31,1450.5714
2024-01-01,1263.8572
2024-01-02,1263.8572
2024-01-03,1263.8572
2024-01-04,1263.8572
2024-01-05,1263.8572
2024-01-06,1263.8572
2024-01-07,1263.8572
2024-01-08,965.5714
2024-01-09,965.5714
2024-01-10,965.5714
2024-01-11,965.5714
2024-01-12,965.5714
2024-01-13,965.5714
2024-01-14,965.5714
2024-01-15,934.2857
2024-01-16,934.2857
2024-01-17,934.2857
2024-01-18,934.2857
2024-01-19,934.2857
2024-01-20,934.2857
2024-01-21,934.2857
2024-01-22,942.7143
2024-01-23,942.7143
2024-01-24,942.7143
2024-01-25,942.7143
2024-01-26,942.7143
2024-01-27,942.7143
2024-01-28,942.7143
2024-01-29,736.7143
2024-01-30,736.7143
2024-01-31,736.7143
2024-02-01,736.7143
2024-02-02,736.7143
2024-02-03,736.7143
2024-02-04,736.7143
2024-02-05,581.5714
2024-02-06,581.5714
2024-02-07,581.5714
2024-02-08,581.5714
2024-02-09,581.5714
2024-02-10,581.5714
2024-02-11,581.5714
2024-02-12,411
2024-02-13,411
2024-02-14,411
2024-02-15,411
2024-02-16,411
2024-02-17,411
2024-02-18,411
2024-02-19,282.57144
2024-02-20,282.57144
2024-02-21,282.57144
2024-02-22,282.57144
2024-02-23,282.57144
2024-02-24,282.57144
2024-02-25,282.57144
2024-02-26,224.28572
2024-02-27,224.28572
2024-02-28,224.28572
2024-02-29,224.28572
2024-03-01,224.28572
2024-03-02,224.28572
2024-03-03,224.28572
2024-03-04,229.28572
2024-03-05,229.28572
2024-03-06,229.28572
2024-03-07,229.28572
2024-03-08,229.28572
2024-03-09,229.28572
2024-03-10,229.28572
2024-03-11,245.57143
2024-03-12,245.57143
2024-03-13,245.57143
2024-03-14,245.57143
2024-03-15,245.57143
2024-03-16,245.57143
2024-03-17,245.57143
2024-03-18,215
2024-03-19,215
2024-03-20,215
2024-03-21,215
2024-03-22,215
2024-03-23,215
2024-03-24,215
2024-03-25,208.14285
2024-03-26,208.14285
2024-03-27,208.14285
2024-03-28,208.14285
2024-03-29,208.14285
2024-03-30,208.14285
2024-03-31,208.14285
2024-04-01,225.71428
2024-04-02,225.71428
2024-04-03,225.71428
2024-04-04,225.71428
2024-04-05,225.71428
2024-04-06,225.71428
2024-04-07,225.71428
2024-04-08,211.57143
2024-04-09,211.57143
2024-04-10,211.57143
2024-04-11,211.57143
2024-04-12,211.57143
2024-04-13,211.57143
2024-04-14,211.57143
2024-04-15,232.57143
2024-04-16,232.57143
2024-04-17,232.57143
2024-04-18,232.57143
2024-04-19,232.57143
2024-04-20,232.57143
2024-04-21,232.57143
2024-04-22,293
2024-04-23,293
2024-04-24,293
2024-04-25,293
2024-04-26,293
2024-04-27,293
2024-04-28,293
2024-04-29,406.85715
2024-04-30,406.85715
2024-05-01,406.85715
2024-05-02,406.85715
2024-05-03,406.85715
2024-05-04,406.85715
2024-05-05,406.85715
2024-05-06,421.2857
2024-05-07,421.2857
2024-05-08,421.2857
2024-05-09,421.2857
2024-05-10,421.2857
2024-05-11,421.2857
2024-05-12,421.2857
2024-05-13,371
2024-05-14,371
2024-05-15,371
2024-05-16,371
2024-05-17,371
2024-05-18,371
2024-05-19,371
2024-05-20,326.42856
2024-05-21,326.42856
2024-05-22,326.42856
2024-05-23,326.42856
2024-05-24,326.42856
2024-05-25,326.42856
2024-05-26,326.42856
2024-05-27,345
2024-05-28,345
2024-05-29,345
2024-05-30,345
2024-05-31,345
2024-06-01,345
2024-06-02,345
2024-06-03,410.42856
2024-06-04,410.42856
2024-06-05,410.42856
2024-06-06,410.42856
2024-06-07,410.42856
2024-06-08,410.42856
2024-06-09,410.42856
2024-06-10,549.7143
2024-06-11,549.7143
2024-06-12,549.7143
2024-06-13,549.7143
2024-06-14,549.7143
2024-06-15,549.7143
2024-06-16,549.7143
2024-06-17,692.1429
2024-06-18,692.1429
2024-06-19,692.1429
2024-06-20,692.1429
2024-06-21,692.1429
2024-06-22,692.1429
2024-06-23,692.1429
2024-06-24,694.7143
2024-06-25,694.7143
2024-06-26,694.7143
2024-06-27,694.7143
2024-06-28,694.7143
2024-06-29,694.7143
2024-06-30,694.7143
2024-07-01,679.1429
2024-07-02,679.1429
2024-07-03,679.1429
2024-07-04,679.1429
2024-07-05,679.1429
2024-07-06,679.1429
2024-07-07,679.1429
2024-07-08,753.1429
2024-07-09,753.1429
2024-07-10,753.1429
2024-07-11,753.1429
2024-07-12,753.1429
2024-07-13,753.1429
2024-07-14,753.1429
2024-07-15,730.1429
2024-07-16,730.1429
2024-07-17,730.1429
2024-07-18,730.1429
2024-07-19,730.1429
2024-07-20,730.1429
2024-07-21,730.1429
2024-07-22,601.7143
2024-07-23,601.7143
2024-07-24,601.7143
2024-07-25,601.7143
2024-07-26,601.7143
2024-07-27,601.7143
2024-07-28,601.7143
2024-07-29,499.42856
2024-07-30,499.42856
2024-07-31,499.42856
2024-08-01,499.42856
2024-08-02,499.42856
2024-08-03,499.42856
2024-08-04,499.42856
2024-08-05,370
2024-08-06,370
2024-08-07,370
2024-08-08,370
2024-08-09,370
2024-08-10,370
2024-08-11,370
2024-08-12,319.2857
2024-08-13,319.2857
2024-08-14,319.2857
2024-08-15,319.2857
2024-08-16,319.2857
2024-08-17,319.2857
2024-08-18,319.2857
2024-08-19,291.42856
2024-08-20,291.42856
2024-08-21,291.42856
2024-08-22,291.42856
2024-08-23,291.42856
2024-08-24,291.42856
2024-08-25,291.42856
2024-08-26,320
2024-08-27,320
2024-08-28,320
2024-08-29,320
2024-08-30,320
2024-08-31,320
2024-09-01,320
2024-09-02,330.2857
2024-09-03,330.2857
2024-09-04,330.2857
2024-09-05,330.2857
2024-09-06,330.2857
2024-09-07,330.2857
2024-09-08,330.2857
2024-09-09,344.85715
2024-09-10,344.85715
2024-09-11,344.85715
2024-09-12,344.85715
2024-09-13,344.85715
2024-09-14,344.85715
2024-09-15,344.85715
2024-09-16,483.7143
2024-09-17,483.7143
2024-09-18,483.7143
2024-09-19,483.7143
2024-09-20,483.7143
2024-09-21,483.7143
2024-09-22,483.7143
2024-09-23,492.85715
2024-09-24,492.85715
2024-09-25,492.85715
2024-09-26,492.85715
2024-09-27,492.85715
2024-09-28,492.85715
2024-09-29,492.85715
2024-09-30,551.8571
2024-10-01,551.8571
2024-10-02,551.8571
2024-10-03,551.8571
2024-10-04,551.8571
2024-10-05,551.8571
2024-10-06,551.8571
2024-10-07,572.1429
2024-10-08,572.1429
2024-10-09,572.1429
2024-10-10,572.1429
2024-10-11,572.1429
2024-10-12,572.1429
2024-10-13,572.1429
2024-10-14,550.4286
2024-10-15,550.4286
2024-10-16,550.4286
2024-10-17,550.4286
2024-10-18,550.4286
2024-10-19,550.4286
2024-10-20,550.4286
2024-10-21,424.42856
2024-10-22,424.42856
2024-10-23,424.42856
2024-10-24,424.42856
2024-10-25,424.42856
2024-10-26,424.42856
2024-10-27,424.42856
2024-10-28,303.42856
2024-10-29,303.42856
2024-10-30,303.42856
2024-10-31,303.42856
2024-11-01,303.42856
2024-11-02,303.42856
2024-11-03,303.42856
2024-11-04,248.14285
2024-11-05,248.14285
2024-11-06,248.14285
2024-11-07,248.14285
2024-11-08,248.14285
2024-11-09,248.14285
2024-11-10,248.14285
2024-11-11,192.28572
2024-11-12,192.28572
2024-11-13,192.28572
2024-11-14,192.28572
2024-11-15,192.28572
2024-11-16,192.28572
2024-11-17,192.28572
2024-11-18,197.71428
2024-11-19,197.71428
2024-11-20,197.71428
2024-11-21,197.71428
2024-11-22,197.71428
2024-11-23,197.71428
2024-11-24,197.71428
2024-11-25,194.42857
2024-11-26,194.42857
2024-11-27,194.42857
2024-11-28,194.42857
2024-11-29,194.42857
2024-11-30,194.42857
2024-12-01,194.42857
2024-12-02,195.71428
2024-12-03,195.71428
2024-12-04,195.71428
2024-12-05,195.71428
2024-12-06,195.71428
2024-12-07,195.71428
2024-12-08,195.71428
2024-12-09,182.71428
2024-12-10,182.71428
2024-12-11,182.71428
2024-12-12,182.71428
2024-12-13,182.71428
2024-12-14,182.71428
2024-12-15,182.71428
2024-12-16,0
2024-12-17,0
2024-12-18,0
2024-12-19,0
2024-12-20,0
2024-12-21,0
2024-12-22,0